FileName,mPartHash,mDramaHash,DramaOrder,
ocean\part\part_info.xml,3815380063,2187760826,1,
ocean\part\part_info.xml,3815380063,2958095928,2,
ocean\part\part_info.xml,3815380063,731446908,3,
ocean\part\part_info.xml,3815380063,4279329023,4,
ocean\part\part_info.xml,3815380063,287244755,5,
ocean\part\part_info.xml,3815380063,0,6,
ocean\part\part_info.xml,3815380063,1164846397,7,
ocean\part\part_info.xml,2053326309,3441885821,1,
ocean\part\part_info.xml,2053326309,2429762388,2,
ocean\part\part_info.xml,2053326309,3154012311,3,
ocean\part\part_info.xml,2053326309,540434643,4,
ocean\part\part_info.xml,2053326309,2732939734,5,
ocean\part\part_info.xml,2053326309,1290483962,6,
ocean\part\part_info.xml,2053326309,3987001105,7,
ocean\part\part_info.xml,2053326309,1986840405,8,
ocean\part\part_info.xml,2053326309,0,9,
ocean\part\part_info.xml,2053326309,1474005715,10,
ocean\part\part_info.xml,224687475,3750931859,1,
ocean\part\part_info.xml,224687475,678386737,2,
ocean\part\part_info.xml,224687475,54661106,3,
ocean\part\part_info.xml,224687475,0,4,
ocean\part\part_info.xml,224687475,3981209310,5,
ocean\part\part_info.xml,224687475,442056371,6,
ocean\part\part_info.xml,224687475,2173777655,7,
ocean\part\part_info.xml,224687475,1427679348,8,
ocean\part\part_info.xml,224687475,3469778992,9,
ocean\part\part_info.xml,224687475,0,10,
ocean\part\part_info.xml,224687475,817235783,11,
ocean\part\part_info.xml,224687475,3736626795,12,
ocean\part\part_info.xml,224687475,4016565686,13,
ocean\part\part_info.xml,2466308304,1731119862,1,
ocean\part\part_info.xml,2466308304,3048760456,2,
ocean\part\part_info.xml,2466308304,2660579147,3,
ocean\part\part_info.xml,2466308304,89997071,4,
ocean\part\part_info.xml,2466308304,2274231818,5,
ocean\part\part_info.xml,2466308304,474353230,6,
ocean\part\part_info.xml,2466308304,3369046221,7,
ocean\part\part_info.xml,2466308304,1393006729,8,
ocean\part\part_info.xml,2466308304,0,9,
ocean\part\part_info.xml,2466308304,2908831742,10,
ocean\part\part_info.xml,2466308304,1131372242,11,
ocean\part\part_info.xml,2466308304,1924191503,12,
ocean\part\part_info.xml,3825717318,4210684495,1,
ocean\part\part_info.xml,3825717318,218366957,2,
ocean\part\part_info.xml,3825717318,640241710,3,
ocean\part\part_info.xml,3825717318,3185662058,4,
ocean\part\part_info.xml,3825717318,1060266351,5,
ocean\part\part_info.xml,3825717318,3510370371,6,
ocean\part\part_info.xml,3825717318,1886648232,7,
ocean\part\part_info.xml,3825717318,3954966508,8,
ocean\part\part_info.xml,3825717318,1768474345,9,
ocean\part\part_info.xml,3825717318,4070624941,10,
ocean\part\part_info.xml,3825717318,0,11,
ocean\part\part_info.xml,3825717318,366827675,12,
ocean\part\part_info.xml,3825717318,4224924087,13,
ocean\part\part_info.xml,3825717318,3389829738,14,
ocean\part\part_info.xml,2098102780,1532929131,1,
ocean\part\part_info.xml,2098102780,531737603,2,
ocean\part\part_info.xml,2098102780,882704320,3,
ocean\part\part_info.xml,2098102780,2941581188,4,
ocean\part\part_info.xml,2098102780,763874945,5,
ocean\part\part_info.xml,2098102780,3280580525,6,
ocean\part\part_info.xml,2098102780,1657165894,7,
ocean\part\part_info.xml,2098102780,4178464770,8,
ocean\part\part_info.xml,2098102780,2078107911,9,
ocean\part\part_info.xml,2098102780,0,10,
ocean\part\part_info.xml,2098102780,0,11,
ocean\part\part_info.xml,2098102780,2513635371,12,
ocean\part\part_info.xml,2098102780,124319605,13,
ocean\part\part_info.xml,2098102780,3915814489,14,
ocean\part\part_info.xml,2098102780,3636010372,15,
ocean\part\part_info.xml,168407402,1240140677,1,
ocean\part\part_info.xml,168407402,2802699110,2,
ocean\part\part_info.xml,168407402,2350946469,3,
ocean\part\part_info.xml,168407402,401117409,4,
ocean\part\part_info.xml,168407402,2503715300,5,
ocean\part\part_info.xml,168407402,2067122376,6,
ocean\part\part_info.xml,168407402,0,7,
ocean\part\part_info.xml,168407402,1610971873,8,
ocean\part\part_info.xml,2595663099,3897318817,1,
ocean\part\part_info.xml,2595663099,4285455152,2,
ocean\part\part_info.xml,2595663099,3561195763,3,
ocean\part\part_info.xml,2595663099,1334542519,4,
ocean\part\part_info.xml,2595663099,3445143986,5,
ocean\part\part_info.xml,2595663099,1452323318,6,
ocean\part\part_info.xml,2595663099,2182688629,7,
ocean\part\part_info.xml,2595663099,1813466713,8,
ocean\part\part_info.xml,2595663099,0,9,
ocean\part\part_info.xml,2595663099,946236087,10,
ocean\part\part_info.xml,3987840109,2955890167,1,
ocean\part\part_info.xml,3987840109,1204993109,2,
ocean\part\part_info.xml,3987840109,1828712342,3,
ocean\part\part_info.xml,3987840109,4147636178,4,
ocean\part\part_info.xml,3987840109,1977933527,5,
ocean\part\part_info.xml,3987840109,2615853051,6,
ocean\part\part_info.xml,3987840109,983910416,7,
ocean\part\part_info.xml,3987840109,3567987004,8,
ocean\part\part_info.xml,3987840109,0,9,
ocean\part\part_info.xml,3987840109,2161774034,10,
ocean\part\part_info.xml,2373326216,143862418,1,
ocean\part\part_info.xml,2373326216,129686127,2,
ocean\part\part_info.xml,2373326216,748128684,3,
ocean\part\part_info.xml,2373326216,3264866432,4,
ocean\part\part_info.xml,2373326216,898414829,5,
ocean\part\part_info.xml,2373326216,3730611538,6,
ocean\part\part_info.xml,2373326216,2060267050,7,
ocean\part\part_info.xml,2373326216,2434599829,8,
ocean\part\part_info.xml,2373326216,0,9,
ocean\part\part_info.xml,2373326216,3232918504,10,
ocean\part\part_info.xml,4201719070,1224428712,1,
ocean\part\part_info.xml,4201719070,3204889866,2,
ocean\part\part_info.xml,4201719070,2485907145,3,
ocean\part\part_info.xml,4201719070,2049282021,4,
ocean\part\part_info.xml,4201719070,2368790408,5,
ocean\part\part_info.xml,4201719070,468235709,6,
ocean\part\part_info.xml,4201719070,3262204239,7,
ocean\part\part_info.xml,4201719070,746530915,8,
ocean\part\part_info.xml,4201719070,0,9,
ocean\part\part_info.xml,4201719070,2014186637,10,
ocean\part\part_info.xml,1668838564,4031196109,1,
ocean\part\part_info.xml,1668838564,2914194148,2,
ocean\part\part_info.xml,1668838564,2258518311,3,
ocean\part\part_info.xml,1668838564,1754275851,4,
ocean\part\part_info.xml,1668838564,2676322406,5,
ocean\part\part_info.xml,1668838564,157096531,6,
ocean\part\part_info.xml,1668838564,3502565025,7,
ocean\part\part_info.xml,1668838564,0,8,
ocean\part\part_info.xml,1668838564,1053460365,9,
ocean\part\part_info.xml,1668838564,1790681955,10,
ocean\part\part_info.xml,343884850,3807544355,1,
ocean\part\part_info.xml,343884850,353334657,2,
ocean\part\part_info.xml,343884850,1042425410,3,
ocean\part\part_info.xml,343884850,3492562798,4,
ocean\part\part_info.xml,343884850,658052867,5,
ocean\part\part_info.xml,343884850,3375855151,6,
ocean\part\part_info.xml,343884850,0,7,
ocean\part\part_info.xml,343884850,3523724294,8,
ocean\part\part_info.xml,2317078929,1752728004,1,
ocean\part\part_info.xml,2317078929,2295876920,2,
ocean\part\part_info.xml,2317078929,2750750459,3,
ocean\part\part_info.xml,2317078929,1308327895,4,
ocean\part\part_info.xml,2317078929,3136171962,5,
ocean\part\part_info.xml,2317078929,1423986326,6,
ocean\part\part_info.xml,2317078929,4121934205,7,
ocean\part\part_info.xml,2317078929,463591505,8,
ocean\part\part_info.xml,2317078929,3971254332,9,
ocean\part\part_info.xml,2317078929,2053956105,10,
ocean\part\part_info.xml,2317078929,0,11,
ocean\part\part_info.xml,2317078929,1339096255,12,
ocean\part\part_info.xml,4246528263,3348749311,1,
ocean\part\part_info.xml,4246528263,811870813,2,
ocean\part\part_info.xml,4246528263,457800094,3,
ocean\part\part_info.xml,4246528263,4115077298,4,
ocean\part\part_info.xml,4246528263,38947039,5,
ocean\part\part_info.xml,4246528263,3965463027,6,
ocean\part\part_info.xml,4246528263,1293147672,7,
ocean\part\part_info.xml,4246528263,3687560237,8,
ocean\part\part_info.xml,4246528263,1409871705,9,
ocean\part\part_info.xml,4246528263,3120991861,10,
ocean\part\part_info.xml,4246528263,0,11,
ocean\part\part_info.xml,4246528263,4151090138,12,
ocean\part\part_info.xml,1679143101,2133179546,1,
ocean\part\part_info.xml,1679143101,584156595,2,
ocean\part\part_info.xml,1679143101,167564912,3,
ocean\part\part_info.xml,1679143101,3891443548,4,
ocean\part\part_info.xml,1679143101,283633457,5,
ocean\part\part_info.xml,1679143101,2252311812,6,
ocean\part\part_info.xml,1679143101,1604743670,7,
ocean\part\part_info.xml,1679143101,3380485059,8,
ocean\part\part_info.xml,1679143101,1186807991,9,
ocean\part\part_info.xml,1679143101,2830311835,10,
ocean\part\part_info.xml,1679143101,0,11,
ocean\part\part_info.xml,1679143101,3856217140,12,
ocean\part\part_info.xml,319979563,1838158708,1,
ocean\part\part_info.xml,319979563,2590892758,2,
ocean\part\part_info.xml,319979563,2973806869,3,
ocean\part\part_info.xml,319979563,1599000633,4,
ocean\part\part_info.xml,319979563,2824568916,5,
ocean\part\part_info.xml,319979563,1180033400,6,
ocean\part\part_info.xml,319979563,3877246611,7,
ocean\part\part_info.xml,319979563,1908571302,8,
ocean\part\part_info.xml,319979563,4261488594,9,
ocean\part\part_info.xml,319979563,269436670,10,
ocean\part\part_info.xml,319979563,3576460305,11,
ocean\part\part_info.xml,319979563,1140071972,12,
ocean\part\part_info.xml,319979563,0,13,
ocean\part\part_info.xml,319979563,1566921553,14,
ocean\part\part_info.xml,2209193402,3426174288,1,
ocean\part\part_info.xml,2209193402,3255759488,2,
ocean\part\part_info.xml,2209193402,3911426371,3,
ocean\part\part_info.xml,2209193402,120438895,4,
ocean\part\part_info.xml,2209193402,4030238722,5,
ocean\part\part_info.xml,2209193402,506917166,6,
ocean\part\part_info.xml,2209193402,3212379845,7,
ocean\part\part_info.xml,2209193402,698445040,8,
ocean\part\part_info.xml,2209193402,2791454596,9,
ocean\part\part_info.xml,2209193402,1215059624,10,
ocean\part\part_info.xml,2209193402,2370790471,11,
ocean\part\part_info.xml,2209193402,462884466,12,
ocean\part\part_info.xml,2209193402,0,13,
ocean\part\part_info.xml,2209193402,84296455,14,
